clave_localidad,horas_antes,observaciones_antes,horas_despues,observaciones_despues,cambio,nombre_localidad,nombre_municipio,id_departamento
76109028-PUERTO_MERIZALDE,6.958125,16,21.720425000000002,24,14.762300000000003,PUERTO MERIZALDE,BUENAVENTURA,76
52835016-PITAL_DE_LA_COSTA,8.632272727272728,22,19.932457142857142,7,11.300184415584415,PITAL DE LA COSTA,SAN ANDRÉS DE TUMACO,52
76109032-SAN_FRANCISCO_NAYA,7.314545454545454,22,9.801391666666666,24,2.486846212121212,SAN FRANCISCO NAYA,BUENAVENTURA,76
52390016-SAN_PABLO_DEL_MAR,6.601176470588236,17,8.664886666666666,15,2.0637101960784303,SAN PABLO DEL MAR,LA TOLA,52
19809014-CHACON,4.6955,20,6.699041666666666,24,2.003541666666666,CHACÓN,TIMBIQUÍ,19
52390009-MULATOS,5.77590909090909,22,7.224775,24,1.4488659090909097,MULATOS,LA TOLA,52
86573000-PUERTO_LEGUIZAMO,22.279375,16,23.697523529411765,17,1.4181485294117628,PUERTO LEGUÍZAMO,PUERTO LEGUÍZAMO,86
19809009-SANTA_ROSA_DE_SAIJA,5.075,10,6.1801272727272725,22,1.1051272727272723,SANTA ROSA DE SAIJA,TIMBIQUÍ,19
19809010-COMUNIDAD_DE_CHETE,5.224782608695652,23,6.257244444444444,18,1.0324618357487916,COMUNIDAD DE CHETE,TIMBIQUÍ,19
19809003-COTEJE,7.110833333333333,24,7.83385,18,0.7230166666666671,COTEJE,TIMBIQUÍ,19
52696014-LA_ENSENADA,5.509047619047619,21,6.202373913043478,23,0.6933262939958587,LA ENSENADA,SANTA BÁRBARA (ISCUANDÉ),52
19318008-LIMONES,8.199411764705882,17,8.594425,20,0.39501323529411714,LIMONES,GUAPI,19
52390005-AGUACATAL,6.798,10,7.13634,20,0.33833999999999964,AGUACATAL,LA TOLA,52
52390013-AMARALES,6.432631578947368,19,6.6383875,24,0.2057559210526323,AMARALES,LA TOLA,52
52390003-LA_VIGIA_DE_LA_MAR,8.860869565217392,23,8.952541666666667,24,0.09167210144927473,LA VIGÍA DE LA MAR,LA TOLA,52
19418009-NOANAMITO,7.155789473684211,19,6.9014291666666665,24,-0.25436030701754486,NOANAMITO,LÓPEZ DE MICAY,19
19809007-SAN_JOSE,7.078695652173913,23,6.578504761904761,21,-0.5001908902691516,SAN JOSE,TIMBIQUÍ,19
19318013-SAN_ANTONIO_DE_GUAJUI,8.218235294117648,17,7.611008695652174,23,-0.6072265984654734,SAN ANTONIO DE GUAJUÍ,GUAPI,19
52835055-BOCAS_DE_CURAY,6.29,21,5.677030434782608,23,-0.6129695652173917,BOCAS DE CURAY,SAN ANDRÉS DE TUMACO,52
52250007-SAN_JOSE_DEL_TAPAJE,7.293181818181818,22,6.544880000000001,20,-0.7483018181818171,SAN JOSÉ DEL TAPAJE,EL CHARCO,52
86573009-PINUNA_NEGRO,6.345652173913043,23,5.596515,20,-0.7491371739130432,PIÑUÑA NEGRO,PUERTO LEGUÍZAMO,86
52835217-SAN_JUAN_DE_LA_COSTA,7.645909090909091,22,6.828595238095238,21,-0.8173138528138537,SAN JUAN DE LA COSTA,SAN ANDRÉS DE TUMACO,52
52696017-SANTA_RITA,6.013,10,4.915533333333333,9,-1.0974666666666666,SANTA RITA,SANTA BÁRBARA (ISCUANDÉ),52
52250022-EL_CUIL_PUEBLO_NUEVO,5.8815384615384625,13,4.783075,12,-1.0984634615384623,EL CUIL PUEBLO NUEVO,EL CHARCO,52
52490913-BOCA_DE_PRIETA,6.697272727272727,22,4.58782,15,-2.1094527272727275,BOCA DE PRIETA,OLAYA HERRERA,52
19418033-BOCA_GRANDE,5.65625,8,3.494907142857143,14,-2.161342857142857,BOCA GRANDE,LÓPEZ DE MICAY,19
