periodo,19,52,76,86,total
2020-01-01,13,18,2,2,35
2020-02-01,13,17,2,2,34
2020-03-01,7,14,2,2,25
2020-04-01,8,15,2,2,27
2020-05-01,8,12,1,2,23
2020-06-01,8,13,2,2,25
2020-07-01,8,18,2,2,30
2020-08-01,12,19,2,2,35
2020-09-01,12,19,2,2,35
2020-10-01,14,17,2,1,34
2020-11-01,14,22,2,1,39
2020-12-01,13,19,2,2,36
2021-01-01,11,12,1,1,25
2021-02-01,14,20,2,2,38
2021-03-01,13,20,2,1,36
2021-04-01,15,18,2,1,36
2021-05-01,15,13,1,1,30
2021-06-01,15,0,0,0,15
2021-07-01,17,20,1,2,40
2021-08-01,13,17,1,2,33
2021-09-01,16,17,1,2,36
2021-10-01,15,17,1,2,35
2021-11-01,15,14,1,2,32
2021-12-01,16,14,2,1,33
2022-01-01,16,10,2,1,29
2022-02-01,13,13,2,1,29
2022-03-01,11,15,2,2,30
2022-04-01,12,13,2,2,29
2022-05-01,12,14,2,2,30
2022-06-01,13,13,2,2,30
2022-07-01,11,14,2,2,29
2022-08-01,12,16,2,2,32
2022-09-01,12,14,2,2,30
2022-10-01,11,13,2,2,28
2022-11-01,10,11,2,2,25
2022-12-01,9,9,2,2,22
2023-01-01,10,16,5,2,33
2023-02-01,10,16,5,2,33
2023-03-01,10,15,5,2,32
2023-04-01,10,12,5,2,29
2023-05-01,10,11,4,2,27
2023-06-01,9,11,3,2,25
2023-07-01,6,11,3,1,21
2023-08-01,12,18,3,1,34
2023-09-01,11,17,3,1,32
2023-10-01,10,14,2,0,26
2023-11-01,15,14,2,0,31
2023-12-01,15,13,4,0,32
2024-01-01,15,13,4,0,32
2024-02-01,12,13,4,0,29
2024-03-01,12,7,4,0,23
2024-04-01,5,6,3,0,14
2024-05-01,9,14,5,1,29
2024-06-01,8,16,5,1,30
2024-07-01,7,16,5,1,29
2024-08-01,7,15,4,2,28
2024-09-01,8,16,7,2,33
2024-10-01,6,12,6,2,26
2024-11-01,6,11,6,2,25
2024-12-01,6,12,5,2,25
2025-01-01,9,16,16,2,43
2025-02-01,9,16,15,2,42
2025-03-01,9,16,17,2,44
2025-04-01,9,15,17,2,43
2025-05-01,9,15,17,2,43
2025-06-01,9,16,17,2,44
2025-07-01,9,15,17,2,43
2025-08-01,9,15,18,2,44
2025-09-01,9,14,17,2,42
2025-10-01,9,12,17,2,40
2025-11-01,8,13,17,2,40
2025-12-01,7,11,16,2,36
2026-01-01,7,11,15,2,35
