clave_localidad,energia_total,participacion,participacion_acumulada,rango,nombre_localidad,nombre_municipio,id_departamento
86573000-PUERTO_LEGUIZAMO,43602294.0,0.6460750273237573,0.6460750273237573,1,PUERTO LEGUÍZAMO,PUERTO LEGUÍZAMO,86
76109028-PUERTO_MERIZALDE,5422405.0,0.08034624184074991,0.7264212691645072,2,PUERTO MERIZALDE,BUENAVENTURA,76
86573009-PUERTO_LEGUIZAMO,3741135.0,0.05543409934685696,0.7818553685113642,3,PUERTO LEGUÍZAMO,PUERTO LEGUÍZAMO,86
19809023-PUERTO_SAIJA,1161367.0,0.01720850320989786,0.799063871721262,4,PUERTO SAIJA,TIMBIQUÍ,19
52835217-SAN_JUAN_DE_LA_COSTA,1078426.0,0.015979528678391332,0.8150434003996534,5,SAN JUAN DE LA COSTA,SAN ANDRÉS DE TUMACO,52
52250023-BAZAN,800757.0,0.01186518077821066,0.826908581177864,6,BAZÁN,EL CHARCO,52
52250007-SAN_JOSE_DEL_TAPAJE,743312.0,0.011013992078262596,0.8379225732561266,7,SAN JOSÉ DEL TAPAJE,EL CHARCO,52
52835016-PITAL_DE_LA_COSTA,733340.0,0.010866232417441253,0.8487888056735678,8,PITAL DE LA COSTA,SAN ANDRÉS DE TUMACO,52
19318013-SAN_ANTONIO_DE_GUAJUI,608198.0,0.0090119464693361,0.857800752142904,9,SAN ANTONIO DE GUAJUÍ,GUAPI,19
52835055-BOCAS_DE_CURAY,529359.0,0.007843753138059132,0.8656445052809632,10,BOCAS DE CURAY,SAN ANDRÉS DE TUMACO,52
19318008-LIMONES,510949.0,0.0075709637923189665,0.8732154690732821,11,LIMONES,GUAPI,19
52390013-AMARALES,487554.0,0.007224309433623084,0.8804397785069051,12,AMARALES,LA TOLA,52
76109032-SAN_FRANCISCO_NAYA,446193.0,0.006611444679187505,0.8870512231860926,13,SAN FRANCISCO NAYA,BUENAVENTURA,76
19809003-COTEJE,413484.0,0.006126780545031334,0.893178003731124,14,COTEJE,TIMBIQUÍ,19
52390003-LA_VIGIA_DE_LA_MAR,352278.0,0.005219863396993713,0.8983978671281178,15,LA VIGÍA DE LA MAR,LA TOLA,52
19809008-SANTA_MARIA,340967.0,0.00505226316398627,0.9034501302921041,16,SANTA MARÍA,TIMBIQUÍ,19
19809007-SAN_JOSE,335211.0,0.00496697389325947,0.9084171041853636,17,SAN JOSE,TIMBIQUÍ,19
19418009-NOANAMITO,333398.0,0.004940109847424222,0.9133572140327878,18,NOANAMITO,LÓPEZ DE MICAY,19
52390009-MULATOS,281028.0,0.004164119731377916,0.9175213337641657,19,MULATOS,LA TOLA,52
19418019-ZARAGOZA,280972.0,0.0041632899539003785,0.921684623718066,20,ZARAGOZA,LÓPEZ DE MICAY,19
19809010-COMUNIDAD_DE_CHETE,243360.0,0.0036059758380948856,0.9252905995561609,21,COMUNIDAD DE CHETE,TIMBIQUÍ,19
19418012-SAN_ANTONIO_DE_CHUARE,241783.0,0.0035826087116292557,0.9288732082677902,22,SAN ANTONIO DE CHUARÉ,LÓPEZ DE MICAY,19
52835012-CHAJAL,233008.0,0.0034525855443902575,0.9323257938121804,23,CHAJAL,SAN ANDRÉS DE TUMACO,52
86573009-PINUNA_NEGRO,228181.0,0.0033810616893175916,0.935706855501498,24,PIÑUÑA NEGRO,PUERTO LEGUÍZAMO,86
19809014-CHACON,211796.0,0.003138277689863348,0.9388451331913613,25,CHACÓN,TIMBIQUÍ,19
19809026-LOS_BRAZOS,203925.0,0.003021649501904584,0.9418667826932658,26,LOS BRAZOS,TIMBIQUÍ,19
76109069-PAPAYAL_1,196755.0,0.0029154083498699837,0.9447821910431359,27,PAPAYAL 1,BUENAVENTURA,76
52696014-LA_ENSENADA,192029.0,0.0028453810577478747,0.9476275721008838,28,LA ENSENADA,SANTA BÁRBARA (ISCUANDÉ),52
52390016-SAN_PABLO_DEL_MAR,179483.0,0.002659481267869758,0.9502870533687535,29,SAN PABLO DEL MAR,LA TOLA,52
19809009-SANTA_ROSA_DE_SAIJA,176301.0,0.0026123321261997305,0.9528993854949532,30,SANTA ROSA DE SAIJA,TIMBIQUÍ,19
19418038-ISLA_DE_GALLO,158863.0,0.002353945346676807,0.95525333084163,31,ISLA DE GALLO,LÓPEZ DE MICAY,19
52250022-EL_CUIL_PUEBLO_NUEVO,151351.0,0.002242636625047251,0.9574959674666772,32,EL CUIL PUEBLO NUEVO,EL CHARCO,52
52490913-BOCA_DE_PRIETA,144435.0,0.0021401591065714778,0.9596361265732487,33,BOCA DE PRIETA,OLAYA HERRERA,52
76109034-SAN_ISIDRO_CALIMA,140417.0,0.0020806225725582246,0.961716749145807,34,SAN ISIDRO - CALIMA,BUENAVENTURA,76
76109957-HUMANES_MAR,139833.0,0.002071969178863914,0.9637887183246708,35,HUMANES MAR,BUENAVENTURA,76
52520013-SAN_PEDRO_DEL_VINO,127196.0,0.0018847210005848004,0.9656734393252556,36,SAN PEDRO DEL VINO,FRANCISCO PIZARRO,52
52250003-BOLIVAR_SAN_PEDRO,119732.0,0.0017741235167931329,0.9674475628420488,37,BOLÍVAR - SAN PEDRO,EL CHARCO,52
19809003-PUERTO_SAIJA,107326.0,0.001590298170608858,0.9690378610126577,38,PUERTO SAIJA,TIMBIQUÍ,19
76109081-PUNTA_BONITA,105390.0,0.0015616115778140202,0.9705994725904716,39,PUNTA BONITA,BUENAVENTURA,76
52696022-SECADERO,98479.0,0.0014592081466130269,0.9720586807370847,40,SECADERO,SANTA BÁRBARA (ISCUANDÉ),52
52390005-AGUACATAL,92387.0,0.0013689402110210066,0.9734276209481056,41,AGUACATAL,LA TOLA,52
52696017-SANTA_RITA,89532.0,0.0013266363771215948,0.9747542573252272,42,SANTA RITA,SANTA BÁRBARA (ISCUANDÉ),52
52621912-TAMAJE,89445.0,0.0013253472585404217,0.9760796045837676,43,TAMAJE,ROBERTO PAYAN,52
52835055-SAN_JUAN_COSTA,87607.0,0.001298112776331273,0.9773777173600989,44,SAN JUAN COSTA,SAN ANDRÉS DE TUMACO,52
52490008-SAN_JOSE_CALABAZAL,83106.0,0.0012314194115742667,0.9786091367716732,45,SAN JOSÉ CALABAZAL,OLAYA HERRERA,52
19418033-BOCA_GRANDE,82426.0,0.001221343542204179,0.9798304803138773,46,BOCA GRANDE,LÓPEZ DE MICAY,19
19418011-DOS_QUEBRADAS_RIO_NAYA,79946.0,0.0011845962539132713,0.9810150765677906,47,DOS QUEBRADAS RÍO NAYA,LÓPEZ DE MICAY,19
52473010-EL_BAJITO_DE_ECHANDIA,77909.0,0.0011544130981678766,0.9821694896659585,48,EL BAJITO DE ECHANDIA,MOSQUERA,52
76109030-PUNTA_SOLDADO,68686.0,0.0010177517111085853,0.9831872413770671,49,PUNTA SOLDADO,BUENAVENTURA,76
76109040-VENERAL,66368.0,0.0009834048505205513,0.9841706462275877,50,VENERAL,BUENAVENTURA,76
52835212-PUEBLO_NUEVO_TABLON_SALADO,56050.0,0.0008305183502844277,0.9850011645778721,51,PUEBLO NUEVO (TABLÓN SALADO),SAN ANDRÉS DE TUMACO,52
76109105-PITAL,55665.0,0.0008248136301263634,0.9858259782079984,52,PITAL,BUENAVENTURA,76
76109904-SAN_ANTONIO_RIO_CAJAMBRE,51936.0,0.0007695593405953977,0.9865955375485939,53,SAN ANTONIO (RIO CAJAMBRE),BUENAVENTURA,76
52250023-SAN_JOSE,50970.0,0.0007552456791078908,0.9873507832277018,54,SAN JOSÉ,EL CHARCO,52
76109930-GALVEZ,50143.0,0.0007429916438592695,0.988093774871561,55,GALVEZ,BUENAVENTURA,76
76109011-PASTICO,50135.0,0.0007428731042196214,0.9888366479757806,56,PASTICO,BUENAVENTURA,76
76109913-MAYORQUIN,47214.0,0.0006995913182931127,0.9895362392940737,57,MAYORQUIN,BUENAVENTURA,76
19418024-BETANIA_NAYA,38540.0,0.0005710647140046716,0.9901073040080784,58,BETANIA - NAYA,LÓPEZ DE MICAY,19
76109018-CONCEPCION,36900.0,0.0005467640878768133,0.9906540680959552,59,CONCEPCION,BUENAVENTURA,76
19809003-SANTA_MARIA,36729.0,0.0005442303030793353,0.9911982983990346,60,SANTA MARÍA,TIMBIQUÍ,19
76109038-SILVA,36009.0,0.0005335617355110072,0.9917318601345456,61,SILVA,BUENAVENTURA,76
19318008-SAN_ANTONIO_DE_GUAJUI,35967.0,0.0005329394024028548,0.9922647995369485,62,SAN ANTONIO DE GUAJUI,GUAPI,19
52835091-SANTA_ROSA,34513.0,0.0005113948228968145,0.9927761943598453,63,SANTA ROSA,SAN ANDRÉS DE TUMACO,52
76109863-SAN_ANTONIO,34337.0,0.0005087869508245566,0.9932849813106699,64,SAN ANTONIO,BUENAVENTURA,76
19418038-SAN_ANTONIO_DE_CHUARE,30774.0,0.00045599235881628865,0.9937409736694862,65,SAN ANTONIO DE CHUARÉ,LÓPEZ DE MICAY,19
52835148-TABLON_DULCE_LA_PAMPA,27308.0,0.0004046350599387538,0.9941456087294249,66,TABLÓN DULCE LA PAMPA,SAN ANDRÉS DE TUMACO,52
52250005-LAS_MERCEDES,26920.0,0.00039888588741582146,0.9945444946168407,67,LAS MERCEDES,EL CHARCO,52
76109028-SAN_FRANCISCO_DE_NAYA,24596.0,0.00036445012209805145,0.9949089447389388,68,SAN FRANCISCO DE NAYA,BUENAVENTURA,76
52390005-LA_VIGIA,24471.0,0.00036259794022855006,0.9952715426791673,69,LA VIGÍA,LA TOLA,52
76109907-SAN_PABLO_CAJAMBRE,23479.0,0.00034789902491218693,0.9956194417040795,70,SAN PABLO( CAJAMBRE),BUENAVENTURA,76
19809003-LOS_BRAZOS,23280.0,0.0003449503513759407,0.9959643920554554,71,LOS BRAZOS,TIMBIQUÍ,19
19418038-ZARAGOZA,21904.0,0.0003245615333564693,0.9962889535888119,72,ZARAGOZA,LÓPEZ DE MICAY,19
19418038-NOANAMITO,21556.0,0.0003194050590317774,0.9966083586478437,73,NOANAMITO,LÓPEZ DE MICAY,19
52390005-AMARALES,19983.0,0.0002960972023859718,0.9969044558502297,74,AMARALES,LA TOLA,52
19418015-SAN_ISIDRO,18833.0,0.0002790571291865589,0.9971835129794162,75,SAN ISIDRO,LÓPEZ DE MICAY,19
19418011-RIO_MAYA_DOS_QUEBRADAS,18422.0,0.0002729671551996383,0.9974564801346159,76,RIO MAYA - DOS QUEBRADAS,LÓPEZ DE MICAY,19
52250016-ALTERON_URIBE_URIBE,17944.0,0.00026588441173066495,0.9977223645463466,77,ALTERON - URIBE URIBE,EL CHARCO,52
52390005-MULATOS,17399.0,0.00025780889877963887,0.9979801734451262,78,MULATOS,LA TOLA,52
19809003-CHACON,17284.0,0.00025610489145969756,0.9982362783365859,79,CHACÓN,TIMBIQUÍ,19
76109817-SANTA_MARIA_1_NAYA,14894.0,0.0002206911741148308,0.9984569695107007,80,SANTA MARIA 1 NAYA,BUENAVENTURA,76
19418007-LA_CONCHA_CONCEPCION_NAYA,14156.0,0.00020975589235729453,0.998666725403058,81,LA CONCHA - CONCEPCIÓN NAYA,LÓPEZ DE MICAY,19
52390005-SAN_PABLO_DE_LA_MAR,12585.0,0.00018647767062140094,0.9988532030736794,82,SAN PABLO DE LA MAR,LA TOLA,52
52490913-BOCAS_DE_PRIETA,12509.0,0.0001853515440447441,0.9990385546177242,83,BOCAS DE PRIETA,OLAYA HERRERA,52
19809003-SANTA_ROSA_DE_SAIJA,12247.0,0.00018146937084626916,0.9992200239885705,84,SANTA ROSA DE SAIJA,TIMBIQUÍ,19
52696022-LA_ENSENADA,10232.0,0.0001516121991099066,0.9993716361876803,85,LA ENSENADA,SANTA BÁRBARA (ISCUANDÉ),52
19809003-SAN_JOSE,8189.0,0.00012134013863477571,0.9994929763263151,86,SAN JOSÉ,TIMBIQUÍ,19
19809003-COMUNIDAD_DE_CHETE,6618.0,9.806191689888212e-05,0.9995910382432139,87,COMUNIDAD DE CHETE,TIMBIQUÍ,19
52427915-LAS_LAJAS,5336.0,7.906593964527576e-05,0.9996701041828592,88,LAS LAJAS,MAGÜÍ,52
52427013-LA_LOMA,5007.0,7.419099696474807e-05,0.9997442951798239,89,LA LOMA,MAGÜÍ,52
52427901-ALTO_ESTERO,4811.0,7.128677579336987e-05,0.9998155819556173,90,ALTO ESTERO,MAGÜÍ,52
52250023-LAS_MERCEDES,3556.0,5.269086982357582e-05,0.9998682728254409,91,LAS MERCEDES,EL CHARCO,52
52835021-SAN_JOSE_DEL_GUAYABO,2341.0,3.4687662052022215e-05,0.9999029604874929,92,SAN JOSÉ DEL GUAYABO,SAN ANDRÉS DE TUMACO,52
52427015-BRISAS_DE_HAMBURGO,2327.0,3.448021768263806e-05,0.9999374407051755,93,BRISAS DE HAMBURGO,MAGÜÍ,52
19418038-SAN_ISIDRO,2234.0,3.310219437172902e-05,0.9999705428995472,94,SAN ISIDRO,LÓPEZ DE MICAY,19
52427913-LA_ISLA,1092.0,1.618066081196423e-05,0.9999867235603592,95,LA ISLA,MAGÜÍ,52
52427005-GUILPI,560.0,8.297774775366272e-06,0.9999950213351346,96,GUILPI,MAGÜÍ,52
52427910-EL_ROSARIO,336.0,4.978664865219763e-06,0.9999999999999999,97,EL ROSARIO,MAGÜÍ,52
