mes,media,inferior,superior,observaciones,localidades
1,-0.48188869441979687,-0.7755083242957642,-0.2104549628290322,161,62
2,-0.2808894070403281,-0.5705538388589371,0.0057003133219538805,171,60
3,0.004625718111854463,-0.1902618830567581,0.19882284904412498,165,60
4,-0.192590469532332,-0.4354361401781955,0.02408241161794146,149,61
5,-0.14169373018246376,-0.43114238452145026,0.12873763984312336,152,61
6,0.2640882868394233,-0.17740817267983966,0.6512428146800819,143,61
7,0.029347073357027093,-0.16520561782809676,0.2076461374954006,162,63
8,0.24211908605125945,0.07421233342652654,0.4276134483139815,176,64
9,0.05637082651915984,-0.2029734283942468,0.2853022993591116,180,62
10,-0.23029257372700482,-0.45990991792050995,0.007334843553305438,167,60
11,0.10262781700667936,-0.10957131393196302,0.3066224188830876,167,60
12,0.6360239460190402,0.3976141681812763,0.9037147848902987,159,56
