id_departamento,periodo,horas,horas_movil,localidades
19,2020-01-01,4.7615384615384615,,13.0
19,2020-02-01,3.9884615384615385,,13.0
19,2020-03-01,4.618571428571428,4.456190476190476,7.0
19,2020-04-01,5.23875,4.651830357142857,8.0
19,2020-05-01,6.045,4.930464285714285,8.0
19,2020-06-01,8.94625,5.5997619047619045,8.0
19,2020-07-01,5.94625,5.797213827838828,8.0
19,2020-08-01,5.808333333333334,6.100525793650793,12.0
19,2020-09-01,6.430833333333333,6.4025694444444445,12.0
19,2020-10-01,6.685714285714285,6.643730158730158,14.0
19,2020-11-01,7.086428571428572,6.817301587301588,14.0
19,2020-12-01,7.954615384615384,6.652029151404151,13.0
19,2021-01-01,6.579090909090909,6.757502636252636,11.0
19,2021-02-01,6.9314285714285715,6.944685175935176,14.0
19,2021-03-01,7.376923076923077,7.1023667998668,13.0
19,2021-04-01,7.527333333333333,7.242636641136642,15.0
19,2021-05-01,6.66,7.171565212565213,15.0
19,2021-06-01,6.830666666666667,6.984240426240426,15.0
19,2021-07-01,6.920588235294118,7.041156647274295,17.0
19,2021-08-01,7.182307692307693,7.082969834087481,13.0
19,2021-09-01,6.26375,6.897440987933635,16.0
19,2021-10-01,6.200666666666666,6.676329876822524,15.0
19,2021-11-01,6.597333333333333,6.665885432378079,15.0
19,2021-12-01,7.175625,6.723378487933636,16.0
19,2022-01-01,6.70375,6.687238782051282,16.0
19,2022-02-01,6.663076923076924,6.6007003205128205,13.0
19,2022-03-01,6.971818181818182,6.718711684149184,11.0
19,2022-04-01,6.851666666666667,6.827211684149185,12.0
19,2022-05-01,7.145833333333333,6.918628350815851,12.0
19,2022-06-01,6.993076923076923,6.888203671328672,13.0
19,2022-07-01,6.704545454545454,6.888336247086247,11.0
19,2022-08-01,6.1499999999999995,6.802823426573426,12.0
19,2022-09-01,5.1575,6.5004370629370625,12.0
19,2022-10-01,5.8145454545454545,6.327583527583527,11.0
19,2022-11-01,6.43,6.208277972027972,10.0
19,2022-12-01,7.9766666666666675,6.372209595959596,9.0
19,2023-01-01,5.835,6.227285353535354,10.0
19,2023-02-01,5.564,6.129618686868686,10.0
19,2023-03-01,6.104,6.287368686868686,10.0
19,2023-04-01,6.5920000000000005,6.416944444444446,10.0
19,2023-05-01,6.311,6.397111111111112,10.0
19,2023-06-01,6.554444444444445,6.160074074074075,9.0
19,2023-07-01,6.345,6.245074074074075,6.0
19,2023-08-01,6.620833333333334,6.421212962962962,12.0
19,2023-09-01,6.430909090909091,6.475697811447811,11.0
19,2023-10-01,5.985,6.374531144781145,10.0
19,2023-11-01,6.212,6.358031144781145,15.0
19,2023-12-01,6.225693333333334,6.303239292929294,15.0
19,2024-01-01,6.167333333333334,6.273628181818182,15.0
19,2024-02-01,6.32,6.223489292929293,12.0
19,2024-03-01,6.184166666666666,6.182365555555556,12.0
19,2024-04-01,6.720000000000001,6.304865555555556,5.0
19,2024-05-01,7.698888888888888,6.55268037037037,9.0
19,2024-06-01,7.3175,6.734648148148149,8.0
19,2024-07-01,6.762857142857143,6.833902116402117,7.0
19,2024-08-01,7.087142857142857,6.96175925925926,7.0
19,2024-09-01,7.96875,7.259189814814815,8.0
19,2024-10-01,6.325,7.193356481481481,6.0
19,2024-11-01,7.613333333333333,7.1790972222222225,6.0
19,2024-12-01,7.696666666666666,7.242291666666667,6.0
19,2025-01-01,6.9426444444444435,7.272256216931216,9.0
19,2025-02-01,7.215288888888889,7.293613888888888,9.0
19,2025-03-01,6.618277777777778,7.068535185185184,9.0
19,2025-04-01,7.179633333333332,7.210974074074074,9.0
19,2025-05-01,6.587822222222222,7.040055555555555,9.0
19,2025-06-01,5.7675888888888895,6.718542592592592,9.0
19,2025-07-01,6.793911111111111,6.693753703703703,9.0
19,2025-08-01,5.858433333333334,6.467611111111111,9.0
19,2025-09-01,5.549066666666667,6.289409259259259,9.0
19,2025-10-01,4.642455555555555,5.866546296296296,9.0
19,2025-11-01,6.2270875,5.806423842592593,8.0
19,2025-12-01,7.141428571428571,6.035397123015873,7.0
19,2026-01-01,5.7942857142857145,5.86879289021164,7.0
52,2020-01-01,4.485,,18.0
52,2020-02-01,6.064117647058824,,17.0
52,2020-03-01,6.671428571428572,5.740182072829132,14.0
52,2020-04-01,6.990666666666667,6.0528032212885154,15.0
52,2020-05-01,7.139166666666667,6.270075910364146,12.0
52,2020-06-01,8.692307692307692,6.673781207354737,13.0
52,2020-07-01,6.9494444444444445,7.084521948095478,18.0
52,2020-08-01,7.092631578947368,7.255940936743568,19.0
52,2020-09-01,6.856315789473685,7.28675547308442,19.0
52,2020-10-01,6.303529411764706,7.172232597267428,17.0
52,2020-11-01,6.491818181818181,7.064341183126014,22.0
52,2020-12-01,7.177368421052631,6.811851304583502,19.0
52,2021-01-01,5.5625,6.580693897176094,12.0
52,2021-02-01,6.786,6.529588634018201,20.0
52,2021-03-01,7.2075000000000005,6.5881193357725865,20.0
52,2021-04-01,6.672777777777778,6.649660730108098,18.0
52,2021-05-01,7.0515384615384615,6.7429474433948124,13.0
52,2021-06-01,,6.656063247863249,
52,2021-07-01,6.6955,6.882663247863247,20.0
52,2021-08-01,7.394705882352942,7.004404424333837,17.0
52,2021-09-01,6.4929411764705875,6.861492659627953,17.0
52,2021-10-01,6.597058823529412,6.846348868778281,17.0
52,2021-11-01,6.972142857142857,6.83046974789916,14.0
52,2021-12-01,7.234285714285714,6.8977724089635855,14.0
52,2022-01-01,6.5840000000000005,6.879189075630253,10.0
52,2022-02-01,6.3476923076923075,6.704686813186814,13.0
52,2022-03-01,6.667333333333334,6.733752172663937,15.0
52,2022-04-01,6.696153846153846,6.75026800976801,13.0
52,2022-05-01,7.061428571428571,6.765148962148962,14.0
52,2022-06-01,7.0307692307692315,6.731229548229549,13.0
52,2022-07-01,6.82,6.770562881562881,14.0
52,2022-08-01,6.808125,6.8473016636141635,16.0
52,2022-09-01,6.437857142857142,6.809055631868133,14.0
52,2022-10-01,7.049230769230769,6.8679017857142854,13.0
52,2022-11-01,7.234545454545454,6.8967545995671,11.0
52,2022-12-01,7.40888888888889,6.959774542587042,9.0
52,2023-01-01,4.3525,6.548524542587042,16.0
52,2023-02-01,5.71,6.3655037092537095,16.0
52,2023-03-01,6.0040000000000004,6.293194185444186,15.0
52,2023-04-01,5.740833333333334,6.075127946127946,12.0
52,2023-05-01,6.278181818181818,5.915734006734007,11.0
52,2023-06-01,6.081818181818182,5.694555555555556,11.0
52,2023-07-01,5.946363636363636,5.960199494949496,11.0
52,2023-08-01,7.323333333333333,6.229088383838384,18.0
52,2023-09-01,6.219411764705882,6.264990344622698,17.0
52,2023-10-01,7.170714285714285,6.5033038366861895,14.0
52,2023-11-01,6.439285714285715,6.53015448603684,14.0
52,2023-12-01,6.33,6.571518122400476,13.0
52,2024-01-01,4.860769230769231,6.390585721468074,13.0
52,2024-02-01,5.733846153846154,6.125671191553544,13.0
52,2024-03-01,6.567142857142857,6.183626373626374,7.0
52,2024-04-01,6.579999999999999,6.085173992673993,6.0
52,2024-05-01,5.1692857142857145,5.873507326007325,14.0
52,2024-06-01,6.35125,5.877048992673992,16.0
52,2024-07-01,6.751250000000001,6.1921291208791205,16.0
52,2024-08-01,4.896,6.052488095238096,15.0
52,2024-09-01,6.52,6.0446309523809525,16.0
52,2024-10-01,6.925833333333333,6.102269841269841,12.0
52,2024-11-01,7.510909090909092,6.492540404040405,11.0
52,2024-12-01,8.303333333333333,6.817887626262627,12.0
52,2025-01-01,6.64263125,6.799784501262626,16.0
52,2025-02-01,5.7327,6.939234501262626,16.0
52,2025-03-01,5.871975,6.831230334595959,16.0
52,2025-04-01,5.23222,6.5489614457070715,15.0
52,2025-05-01,5.42204,6.2008165972222224,15.0
52,2025-06-01,6.9171875,5.969792291666667,16.0
52,2025-07-01,7.00538,6.030250416666667,15.0
52,2025-08-01,7.593006666666667,6.340301527777778,15.0
52,2025-09-01,7.259535714285714,6.571561646825397,14.0
52,2025-10-01,6.479158333333333,6.779384702380952,12.0
52,2025-11-01,6.389730769230768,6.940666497252747,13.0
52,2025-12-01,8.126363636363637,7.142195853313353,11.0
52,2026-01-01,8.372727272727273,7.370087065434565,11.0
76,2020-01-01,6.645,,2.0
76,2020-02-01,7.415,,2.0
76,2020-03-01,7.205,7.088333333333334,2.0
76,2020-04-01,5.925000000000001,6.7975,2.0
76,2020-05-01,7.18,6.874,1.0
76,2020-06-01,6.08,6.741666666666667,2.0
76,2020-07-01,6.865,6.778333333333333,2.0
76,2020-08-01,7.8,6.8425,2.0
76,2020-09-01,7.835,6.947500000000001,2.0
76,2020-10-01,6.9350000000000005,7.115833333333334,2.0
76,2020-11-01,7.195,7.118333333333333,2.0
76,2020-12-01,6.645,7.2124999999999995,2.0
76,2021-01-01,6.55,7.16,1.0
76,2021-02-01,6.220000000000001,6.896666666666666,2.0
76,2021-03-01,7.824999999999999,6.895,2.0
76,2021-04-01,6.275,6.785,2.0
76,2021-05-01,8.0,6.9191666666666665,1.0
76,2021-06-01,,6.973999999999999,
76,2021-07-01,8.05,7.274000000000001,1.0
76,2021-08-01,8.0,7.63,1.0
76,2021-09-01,7.39,7.543000000000001,1.0
76,2021-10-01,7.45,7.7780000000000005,1.0
76,2021-11-01,7.43,7.664,1.0
76,2021-12-01,9.235,7.925833333333333,2.0
76,2022-01-01,8.285,7.965,2.0
76,2022-02-01,8.149999999999999,7.989999999999999,2.0
76,2022-03-01,11.74,8.714999999999998,2.0
76,2022-04-01,12.105,9.490833333333333,2.0
76,2022-05-01,11.815000000000001,10.221666666666666,2.0
76,2022-06-01,12.469999999999999,10.760833333333332,2.0
76,2022-07-01,12.325,11.434166666666664,2.0
76,2022-08-01,11.79,12.040833333333333,2.0
76,2022-09-01,12.635000000000002,12.19,2.0
76,2022-10-01,13.335,12.395000000000001,2.0
76,2022-11-01,14.61,12.860833333333334,2.0
76,2022-12-01,15.885000000000002,13.430000000000001,2.0
76,2023-01-01,10.77,13.170833333333334,5.0
76,2023-02-01,11.822,13.176166666666669,5.0
76,2023-03-01,12.129999999999999,13.092,5.0
76,2023-04-01,10.302,12.5865,5.0
76,2023-05-01,11.92,12.138166666666665,4.0
76,2023-06-01,12.709999999999999,11.609,3.0
76,2023-07-01,11.323333333333332,11.701222222222222,3.0
76,2023-08-01,12.573333333333332,11.826444444444443,3.0
76,2023-09-01,13.536666666666667,12.06088888888889,3.0
76,2023-10-01,14.665,12.788055555555554,2.0
76,2023-11-01,14.085,13.148888888888889,2.0
76,2023-12-01,11.285,12.911388888888888,4.0
76,2024-01-01,10.415000000000001,12.76,4.0
76,2024-02-01,9.9825,12.328194444444444,4.0
76,2024-03-01,11.01,11.907083333333333,4.0
76,2024-04-01,12.286666666666667,11.510694444444445,3.0
76,2024-05-01,10.3,10.879861111111111,5.0
76,2024-06-01,11.452000000000002,10.907694444444445,5.0
76,2024-07-01,11.486,11.086194444444445,5.0
76,2024-08-01,12.6775,11.53536111111111,4.0
76,2024-09-01,12.217142857142859,11.736551587301589,7.0
76,2024-10-01,11.181666666666667,11.552384920634921,6.0
76,2024-11-01,11.863333333333335,11.812940476190477,6.0
76,2024-12-01,11.831999999999999,11.87627380952381,5.0
76,2025-01-01,8.13810625,11.318291517857142,16.0
76,2025-02-01,9.10238,10.72243818452381,15.0
76,2025-03-01,8.87855294117647,10.166006531862744,17.0
76,2025-04-01,7.528917647058824,9.55721502859477,17.0
76,2025-05-01,8.578735294117648,9.009782022058824,17.0
76,2025-06-01,8.517641176470589,8.45738888480392,17.0
76,2025-07-01,8.180264705882353,8.464415294117648,17.0
76,2025-08-01,9.475355555555556,8.52657788671024,18.0
76,2025-09-01,9.403435294117646,8.614058278867104,17.0
76,2025-10-01,9.125711764705883,8.88019063180828,17.0
76,2025-11-01,10.077941176470588,9.130058278867102,17.0
76,2025-12-01,9.8925,9.359201416122003,16.0
76,2026-01-01,7.432,9.23449063180828,15.0
86,2020-01-01,14.86,,2.0
86,2020-02-01,12.76,,2.0
86,2020-03-01,14.524999999999999,14.048333333333332,2.0
86,2020-04-01,14.54,14.171249999999999,2.0
86,2020-05-01,14.535,14.244,2.0
86,2020-06-01,7.875,13.1825,2.0
86,2020-07-01,14.295,13.088333333333333,2.0
86,2020-08-01,14.350000000000001,13.353333333333332,2.0
86,2020-09-01,14.309999999999999,13.3175,2.0
86,2020-10-01,6.08,11.907499999999999,1.0
86,2020-11-01,6.38,10.548333333333334,1.0
86,2020-12-01,14.825,11.706666666666665,2.0
86,2021-01-01,6.17,10.3525,1.0
86,2021-02-01,15.29,10.509166666666667,2.0
86,2021-03-01,7.02,9.294166666666667,1.0
86,2021-04-01,6.57,9.375833333333334,1.0
86,2021-05-01,7.15,9.504166666666666,1.0
86,2021-06-01,,8.440000000000001,
86,2021-07-01,14.950000000000001,10.196000000000002,2.0
86,2021-08-01,15.295,10.197,2.0
86,2021-09-01,15.245000000000001,11.842,2.0
86,2021-10-01,15.24,13.575999999999999,2.0
86,2021-11-01,14.99,15.144,2.0
86,2021-12-01,7.28,13.833333333333334,1.0
86,2022-01-01,6.55,12.433333333333332,1.0
86,2022-02-01,6.4,10.950833333333334,1.0
86,2022-03-01,14.85,10.885,2.0
86,2022-04-01,15.29,10.893333333333333,2.0
86,2022-05-01,15.115,10.914166666666667,2.0
86,2022-06-01,15.17,12.229166666666666,2.0
86,2022-07-01,15.065000000000001,13.648333333333333,2.0
86,2022-08-01,15.11,15.1,2.0
86,2022-09-01,14.879999999999999,15.105000000000002,2.0
86,2022-10-01,14.885000000000002,15.0375,2.0
86,2022-11-01,14.885,14.999166666666667,2.0
86,2022-12-01,14.635,14.910000000000002,2.0
86,2023-01-01,14.76,14.859166666666667,2.0
86,2023-02-01,13.76,14.634166666666667,2.0
86,2023-03-01,14.265,14.531666666666666,2.0
86,2023-04-01,14.405,14.451666666666668,2.0
86,2023-05-01,14.620000000000001,14.407499999999999,2.0
86,2023-06-01,14.23,14.339999999999998,2.0
86,2023-07-01,23.22,15.75,1.0
86,2023-08-01,23.48,17.37,1.0
86,2023-09-01,23.49,18.9075,1.0
86,2023-10-01,,19.808,
86,2023-11-01,,21.104999999999997,
86,2023-12-01,,23.396666666666665,
86,2024-01-01,,,
86,2024-02-01,,,
86,2024-03-01,,,
86,2024-04-01,,,
86,2024-05-01,5.38,,1.0
86,2024-06-01,5.3,,1.0
86,2024-07-01,5.24,5.306666666666667,1.0
86,2024-08-01,14.389999999999999,7.5775,2.0
86,2024-09-01,14.525,8.967,2.0
86,2024-10-01,13.84,9.779166666666667,2.0
86,2024-11-01,14.84,11.355833333333331,2.0
86,2024-12-01,14.56,12.899166666666666,2.0
86,2025-01-01,14.64115,14.466025000000002,2.0
86,2025-02-01,15.598199999999999,14.667391666666667,2.0
86,2025-03-01,14.71775,14.699516666666666,2.0
86,2025-04-01,14.795850000000002,14.858824999999998,2.0
86,2025-05-01,14.810500000000001,14.853908333333335,2.0
86,2025-06-01,14.95835,14.9203,2.0
86,2025-07-01,15.0524,14.988841666666668,2.0
86,2025-08-01,14.98385,14.886450000000002,2.0
86,2025-09-01,13.2125,14.635575000000001,2.0
86,2025-10-01,14.69355,14.618525,2.0
86,2025-11-01,14.85,14.625108333333335,2.0
86,2025-12-01,14.965,14.626216666666666,2.0
86,2026-01-01,14.74,14.574150000000001,2.0
