clave_localidad,id_departamento,horas,meses,meses_sin_servicio,nombre_localidad,nombre_municipio,brecha
52427910-EL_ROSARIO,52,0.4275,4,2,EL ROSARIO,MAGÜÍ,23.5725
52427913-LA_ISLA,52,1.1860000000000002,5,3,LA ISLA,MAGÜÍ,22.814
52427901-ALTO_ESTERO,52,1.67875,8,0,ALTO ESTERO,MAGÜÍ,22.32125
76109018-CONCEPCION,76,2.441869230769231,13,5,CONCEPCION,BUENAVENTURA,21.558130769230768
52427013-LA_LOMA,52,2.543,10,0,LA LOMA,MAGÜÍ,21.457
52427915-LAS_LAJAS,52,2.648,5,3,LAS LAJAS,MAGÜÍ,21.352
52250005-LAS_MERCEDES,52,3.3996387096774194,31,7,LAS MERCEDES,EL CHARCO,20.60036129032258
52250016-ALTERON_URIBE_URIBE,52,3.5581037037037038,27,2,ALTERON - URIBE URIBE,EL CHARCO,20.441896296296296
52835091-SANTA_ROSA,52,3.8816666666666664,12,0,SANTA ROSA,SAN ANDRÉS DE TUMACO,20.118333333333332
19418033-BOCA_GRANDE,19,4.2591125,24,4,BOCA GRANDE,LÓPEZ DE MICAY,19.7408875
76109817-SANTA_MARIA_1_NAYA,76,4.362233333333333,12,2,SANTA MARIA 1 NAYA,BUENAVENTURA,19.637766666666668
52835148-TABLON_DULCE_LA_PAMPA,52,4.406000000000001,10,0,TABLÓN DULCE LA PAMPA,SAN ANDRÉS DE TUMACO,19.594
52696022-LA_ENSENADA,52,4.595,4,0,LA ENSENADA,SANTA BÁRBARA (ISCUANDÉ),19.405
19418038-ZARAGOZA,19,4.775,4,0,ZARAGOZA,LÓPEZ DE MICAY,19.225
19418012-SAN_ANTONIO_DE_CHUARE,19,4.868974358974358,39,0,SAN ANTONIO DE CHUARÉ,LÓPEZ DE MICAY,19.13102564102564
