id_operador,nombre_operador,nombre_corto,n_localidades,n_meses,periodo_desde,periodo_hasta,horas_servicio_promedio,n_observaciones_horas,energia_activa_total,brecha_horas,ranking_horas,fecha_corte_fuente,estado_frescura,es_comparable,fuentes_origen,fecha_carga,lote_id,reglas_aplicadas
1759,EMPRESA  DE SERVICIOS PUBLICOS DOMICILIARIOS DE PUERTO LEGUIZAMO,ESP Puerto Leguízamo,1,9,2021-07-01,2022-03-01,6.653333333333333,9,36717,17.3467,8,2022-03-31,congelada,True,3ebi-d83g|qwe5-ycap,2026-10-01 02:30:39.545529,20261001T023011_fa73f6bf,dane_departamento_corregido; dane_normalizado; deduplicacion_exacta; filtro_departamentos_alcance; localidad_nombre_normalizado; municipio_derivado_de_codigo_localidad; tipificacion_columnas; union_prestacion_operador_nivel_localidad; enlace_localidad_por_prefijo_divipola; operador_principal_por_energia_generada; vigencia_operador_observada; horas_reescaladas_x100; horas_invalidas_excluidas; frescura_por_fuente; comparabilidad_por_cobertura_observada
1892,EMPRESA DE  ENERGÍA  DE GUAPI  S.A. E.S.P.,Energía Guapí,2,9,2021-07-01,2022-03-01,9.241666666666667,18,172487,14.7583,2,2022-03-31,congelada,True,3ebi-d83g|qwe5-ycap,2026-10-01 02:30:39.545529,20261001T023011_fa73f6bf,dane_departamento_corregido; dane_normalizado; deduplicacion_exacta; filtro_departamentos_alcance; localidad_nombre_normalizado; municipio_derivado_de_codigo_localidad; tipificacion_columnas; union_prestacion_operador_nivel_localidad; enlace_localidad_por_prefijo_divipola; operador_principal_por_energia_generada; vigencia_operador_observada; horas_reescaladas_x100; horas_invalidas_excluidas; frescura_por_fuente; comparabilidad_por_cobertura_observada
20432,ELECTRIFICADORA DEL PACIFICO S.A. E.S.P.,Electrificadora del Pacífico,1,4,2021-12-01,2022-03-01,13.535,4,264681,10.465,1,2022-03-31,congelada,True,3ebi-d83g|qwe5-ycap,2026-10-01 02:30:39.545529,20261001T023011_fa73f6bf,dane_departamento_corregido; dane_normalizado; deduplicacion_exacta; filtro_departamentos_alcance; localidad_nombre_normalizado; municipio_derivado_de_codigo_localidad; tipificacion_columnas; union_prestacion_operador_nivel_localidad; enlace_localidad_por_prefijo_divipola; operador_principal_por_energia_generada; vigencia_operador_observada; horas_reescaladas_x100; horas_invalidas_excluidas; frescura_por_fuente; comparabilidad_por_cobertura_observada
21597,COOPERATIVA DE SERVICIOS PÚBLICOS DE LÓPEZ DE MICAY,Coop. Servicios Públicos López de Micay,7,9,2021-07-01,2022-03-01,5.887555555555555,45,236232,18.1124,11,2022-03-31,congelada,True,3ebi-d83g|qwe5-ycap,2026-10-01 02:30:39.545529,20261001T023011_fa73f6bf,dane_departamento_corregido; dane_normalizado; deduplicacion_exacta; filtro_departamentos_alcance; localidad_nombre_normalizado; municipio_derivado_de_codigo_localidad; tipificacion_columnas; union_prestacion_operador_nivel_localidad; enlace_localidad_por_prefijo_divipola; operador_principal_por_energia_generada; vigencia_operador_observada; horas_reescaladas_x100; horas_invalidas_excluidas; frescura_por_fuente; comparabilidad_por_cobertura_observada
22594,ASOCIACIÓN DE USUARIOS DEL SERVICIO DE ENERGÍA ELÉCTRICA DE LA ZONA RURAL DE SANTA BARBARA DE ISCUANDE,Asoc. Usuarios Rural Santa Bárbara de Iscuandé,1,1,2021-07-01,2021-07-01,4.36,1,3384,19.64,13,2022-03-31,congelada,True,3ebi-d83g|qwe5-ycap,2026-10-01 02:30:39.545529,20261001T023011_fa73f6bf,dane_departamento_corregido; dane_normalizado; deduplicacion_exacta; filtro_departamentos_alcance; localidad_nombre_normalizado; municipio_derivado_de_codigo_localidad; tipificacion_columnas; union_prestacion_operador_nivel_localidad; enlace_localidad_por_prefijo_divipola; operador_principal_por_energia_generada; vigencia_operador_observada; horas_reescaladas_x100; horas_invalidas_excluidas; frescura_por_fuente; comparabilidad_por_cobertura_observada
2272,EMPRESA DE ENERGIA DE SALAHONDA S.A. E.S.P.,Energía Salahonda,1,5,2021-07-01,2021-11-01,6.226000000000001,5,21203,17.774,9,2022-03-31,congelada,True,3ebi-d83g|qwe5-ycap,2026-10-01 02:30:39.545529,20261001T023011_fa73f6bf,dane_departamento_corregido; dane_normalizado; deduplicacion_exacta; filtro_departamentos_alcance; localidad_nombre_normalizado; municipio_derivado_de_codigo_localidad; tipificacion_columnas; union_prestacion_operador_nivel_localidad; enlace_localidad_por_prefijo_divipola; operador_principal_por_energia_generada; vigencia_operador_observada; horas_reescaladas_x100; horas_invalidas_excluidas; frescura_por_fuente; comparabilidad_por_cobertura_observada
25681,ASOCIACION DE ENERGIA DE LAS ZONAS RURALES DEL MUNICIPIO DE EL CHARCO,Asoc. Energía Rural El Charco,4,9,2021-07-01,2022-03-01,6.821111111111111,27,319916,17.1789,5,2022-03-31,congelada,True,3ebi-d83g|qwe5-ycap,2026-10-01 02:30:39.545529,20261001T023011_fa73f6bf,dane_departamento_corregido; dane_normalizado; deduplicacion_exacta; filtro_departamentos_alcance; localidad_nombre_normalizado; municipio_derivado_de_codigo_localidad; tipificacion_columnas; union_prestacion_operador_nivel_localidad; enlace_localidad_por_prefijo_divipola; operador_principal_por_energia_generada; vigencia_operador_observada; horas_reescaladas_x100; horas_invalidas_excluidas; frescura_por_fuente; comparabilidad_por_cobertura_observada
25965,EMPRESA ASOCIATIVA DE TRABAJO ELECTROSOLEDAD DE ISCUANDE,EAT Electrosoledad de Iscuandé,1,7,2021-07-01,2022-01-01,5.555714285714286,7,17037,18.4443,12,2022-03-31,congelada,True,3ebi-d83g|qwe5-ycap,2026-10-01 02:30:39.545529,20261001T023011_fa73f6bf,dane_departamento_corregido; dane_normalizado; deduplicacion_exacta; filtro_departamentos_alcance; localidad_nombre_normalizado; municipio_derivado_de_codigo_localidad; tipificacion_columnas; union_prestacion_operador_nivel_localidad; enlace_localidad_por_prefijo_divipola; operador_principal_por_energia_generada; vigencia_operador_observada; horas_reescaladas_x100; horas_invalidas_excluidas; frescura_por_fuente; comparabilidad_por_cobertura_observada
26040,EMPRESA ASOCIATIVA DE TRABAJO DE PRESTACION DE SERVICIOS PUBLICOS DE BOCAS DE CURAY E.S.P.,EAT Bocas de Curay,1,9,2021-07-01,2022-03-01,6.728888888888889,9,80792,17.2711,7,2022-03-31,congelada,True,3ebi-d83g|qwe5-ycap,2026-10-01 02:30:39.545529,20261001T023011_fa73f6bf,dane_departamento_corregido; dane_normalizado; deduplicacion_exacta; filtro_departamentos_alcance; localidad_nombre_normalizado; municipio_derivado_de_codigo_localidad; tipificacion_columnas; union_prestacion_operador_nivel_localidad; enlace_localidad_por_prefijo_divipola; operador_principal_por_energia_generada; vigencia_operador_observada; horas_reescaladas_x100; horas_invalidas_excluidas; frescura_por_fuente; comparabilidad_por_cobertura_observada
26717,EMPRESA DE SERVICIOS PUBLICOS DEL OCCIDENTE COLOMBIANO S.A.,ESP del Occidente Colombiano,5,9,2021-07-01,2022-03-01,6.85078947368421,38,289500,17.1492,4,2022-03-31,congelada,True,3ebi-d83g|qwe5-ycap,2026-10-01 02:30:39.545529,20261001T023011_fa73f6bf,dane_departamento_corregido; dane_normalizado; deduplicacion_exacta; filtro_departamentos_alcance; localidad_nombre_normalizado; municipio_derivado_de_codigo_localidad; tipificacion_columnas; union_prestacion_operador_nivel_localidad; enlace_localidad_por_prefijo_divipola; operador_principal_por_energia_generada; vigencia_operador_observada; horas_reescaladas_x100; horas_invalidas_excluidas; frescura_por_fuente; comparabilidad_por_cobertura_observada
28111,EMPRESA DE SERVICIOS PUBLICOS DE ENERGIA ELECTRICA DEL CAUCA,ESP Energía Eléctrica del Cauca,1,5,2021-07-01,2022-03-01,5.968,5,122755,18.032,10,2022-03-31,congelada,True,3ebi-d83g|qwe5-ycap,2026-10-01 02:30:39.545529,20261001T023011_fa73f6bf,dane_departamento_corregido; dane_normalizado; deduplicacion_exacta; filtro_departamentos_alcance; localidad_nombre_normalizado; municipio_derivado_de_codigo_localidad; tipificacion_columnas; union_prestacion_operador_nivel_localidad; enlace_localidad_por_prefijo_divipola; operador_principal_por_energia_generada; vigencia_operador_observada; horas_reescaladas_x100; horas_invalidas_excluidas; frescura_por_fuente; comparabilidad_por_cobertura_observada
32200,EMPRESA DE ENERGIA DE LA ZONA RURAL DE FRANCISCO PIZARRO,Energía Rural Francisco Pizarro,1,1,2022-03-01,2022-03-01,3.13,1,2062,20.87,14,2022-03-31,congelada,True,3ebi-d83g|qwe5-ycap,2026-10-01 02:30:39.545529,20261001T023011_fa73f6bf,dane_departamento_corregido; dane_normalizado; deduplicacion_exacta; filtro_departamentos_alcance; localidad_nombre_normalizado; municipio_derivado_de_codigo_localidad; tipificacion_columnas; union_prestacion_operador_nivel_localidad; enlace_localidad_por_prefijo_divipola; operador_principal_por_energia_generada; vigencia_operador_observada; horas_reescaladas_x100; horas_invalidas_excluidas; frescura_por_fuente; comparabilidad_por_cobertura_observada
37833,ELECTRIFICADORA DE NARIÑO SUR E.A.T.,Electrificadora de Nariño Sur,1,8,2021-07-01,2022-03-01,6.795,8,16206,17.205,6,2022-03-31,congelada,True,3ebi-d83g|qwe5-ycap,2026-10-01 02:30:39.545529,20261001T023011_fa73f6bf,dane_departamento_corregido; dane_normalizado; deduplicacion_exacta; filtro_departamentos_alcance; localidad_nombre_normalizado; municipio_derivado_de_codigo_localidad; tipificacion_columnas; union_prestacion_operador_nivel_localidad; enlace_localidad_por_prefijo_divipola; operador_principal_por_energia_generada; vigencia_operador_observada; horas_reescaladas_x100; horas_invalidas_excluidas; frescura_por_fuente; comparabilidad_por_cobertura_observada
38850,EMPRESA DE SERVICIOS PÚBLICOS DE ENERGÍA ELÉCTRICA DE LAS PLAYAS ASOCIADAS - ENERPLASO S.A. E.S.P.,Enerplaso,2,9,2021-07-01,2022-03-01,7.387777777777777,18,92665,16.6122,3,2022-03-31,congelada,True,3ebi-d83g|qwe5-ycap,2026-10-01 02:30:39.545529,20261001T023011_fa73f6bf,dane_departamento_corregido; dane_normalizado; deduplicacion_exacta; filtro_departamentos_alcance; localidad_nombre_normalizado; municipio_derivado_de_codigo_localidad; tipificacion_columnas; union_prestacion_operador_nivel_localidad; enlace_localidad_por_prefijo_divipola; operador_principal_por_energia_generada; vigencia_operador_observada; horas_reescaladas_x100; horas_invalidas_excluidas; frescura_por_fuente; comparabilidad_por_cobertura_observada
