columna,tipo,nulos,pct_nulos,distintos,minimo,p25,mediana,p75,maximo,promedio
clave_localidad,string,0,0.0,97,,,,,,
id_localidad,string,0,0.0,73,,,,,,
id_municipio,string,0,0.0,14,,,,,,
id_departamento,string,0,0.0,4,,,,,,
anio,Int64,0,0.0,7,2020.0,2021.0,2023.0,2024.0,2026.0,2022.6480446927374
mes,Int64,0,0.0,12,1.0,3.0,7.0,9.0,12.0,6.412548345509239
periodo,datetime64[us],0,0.0,73,,,,,,
semestre,Int64,0,0.0,2,1.0,1.0,2.0,2.0,2.0,1.503223033949291
energia_activa,Int64,0,0.0,2063,0.0,3236.5,5252.0,8472.5,1067174.0,29002.137086377308
energia_reactiva,Int64,0,0.0,1893,0.0,1140.0,2206.0,3918.5,400518.0,9998.848302535453
potencia_maxima,float64,96,4.13,1512,0.0,23.494999999999997,33.04,53.955,3229.16,90.39377857463022
potencia_maxima_reportada,float64,24,1.03,1577,0.0,23.884999999999998,33.82,56.0,20913201.0,13636.57212765957
horas_servicio_promedio_dia,float64,0,0.0,1060,0.0,5.53,7.04,8.375,24.0,7.413712978083369
horas_servicio_reportadas,float64,0,0.0,1095,0.0,5.56,7.09,8.51,2400.0,33.04120098839707
con_servicio,bool,0,0.0,2,,,,,,
fecha_demanda_maxima,datetime64[us],24,1.03,2192,,,,,,
horas_reescaladas,bool,0,0.0,2,,,,,,
horas_invalidas,bool,0,0.0,1,,,,,,
potencia_invalida,bool,0,0.0,2,,,,,,
id_operador,string,2132,91.62,14,,,,,,
nombre_operador,string,2132,91.62,14,,,,,,
n_operadores_localidad_mes,Int64,2132,91.62,1,1.0,1.0,1.0,1.0,1.0,1.0
estado_operador,str,0,0.0,4,,,,,,
fecha_corte_fuente,datetime64[us],0,0.0,1,,,,,,
estado_frescura,str,0,0.0,1,,,,,,
es_comparable_operador,bool,0,0.0,2,,,,,,
es_comparable_pqr,bool,0,0.0,2,,,,,,
es_comparable,bool,0,0.0,2,,,,,,
fuentes_origen,str,0,0.0,1,,,,,,
fecha_carga,datetime64[us],0,0.0,1,,,,,,
lote_id,str,0,0.0,1,,,,,,
reglas_aplicadas,str,0,0.0,4,,,,,,
