id_municipio,id_departamento,horas,observaciones,localidades,meses,brecha,evidencia_baja,nombre_municipio
52427,52,1.9002857142857144,35,7,14,22.099714285714285,False,MAGÜÍ
19418,19,5.819973782771536,267,14,73,18.180026217228466,False,LÓPEZ DE MICAY
52250,52,5.82563375,240,8,70,18.17436625,False,EL CHARCO
52490,52,5.831314864864865,74,3,60,18.168685135135135,False,OLAYA HERRERA
52520,52,6.090645161290323,31,1,31,17.909354838709678,False,FRANCISCO PIZARRO
19809,19,6.4771193467336685,398,15,73,17.52288065326633,False,TIMBIQUÍ
52696,52,6.585286666666667,120,4,71,17.41471333333333,False,SANTA BÁRBARA (ISCUANDÉ)
52835,52,7.098776525821596,213,9,72,16.901223474178405,False,SAN ANDRÉS DE TUMACO
52390,52,7.369038732394365,284,9,72,16.630961267605635,False,LA TOLA
52621,52,7.562226315789474,19,1,19,16.437773684210526,False,ROBERTO PAYAN
19318,19,8.173021951219512,123,3,65,15.826978048780488,False,GUAPI
52473,52,8.443178571428572,28,1,28,15.556821428571428,False,MOSQUERA
76109,76,9.612532105263158,380,19,72,14.387467894736842,False,BUENAVENTURA
86573,86,13.927636521739132,115,3,65,10.072363478260868,False,PUERTO LEGUÍZAMO
